lat_block,lon_block,count
0.66,0.37,2749
0.659,0.358,2277
0.551,0.769,2091
0.646,0.399,1902
0.646,0.352,1864
0.637,0.40700000000000003,1750
0.645,0.417,1681
0.848,0.427,1524
0.5660000000000001,0.321,1489
0.67,0.337,1427
0.747,0.322,1402
0.6930000000000001,0.495,1352
0.837,0.47300000000000003,1350
0.592,0.387,1349
0.735,0.449,1340
0.616,0.28700000000000003,1339
0.64,0.62,1300
0.631,0.398,1293
0.807,0.521,1270
0.663,0.503,1255
0.779,0.514,1247
0.73,0.557,1242
0.577,0.339,1222
0.653,0.504,1218
0.773,0.307,1189
0.855,0.403,1161
0.594,0.436,1152
0.654,0.36,1145
0.752,0.382,1133
0.674,0.528,1116
0.87,0.187,1111
0.782,0.343,1109
0.78,0.364,1107
0.657,0.418,1104
0.649,0.729,1100
0.8130000000000001,0.382,1099
0.843,0.455,1097
0.674,0.28200000000000003,1094
0.777,0.28700000000000003,1092
0.7010000000000001,0.709,1092
0.8260000000000001,0.304,1090
0.725,0.444,1065
0.799,0.578,1065
0.724,0.438,1059
0.625,0.562,1047
0.785,0.612,1040
0.726,0.531,1037
0.655,0.5760000000000001,1033
0.648,0.387,1026
0.54,0.255,1020
0.663,0.354,1013
0.923,0.433,1004
0.616,0.435,1003
0.638,0.41600000000000004,1003
0.65,0.537,1001
0.74,0.526,998
0.709,0.616,990
0.655,0.5730000000000001,990
0.664,0.33,988
0.595,0.35000000000000003,979
0.625,0.581,964
0.5660000000000001,0.20800000000000002,963
0.768,0.332,962
0.5730000000000001,0.317,959
0.715,0.66,952
0.34400000000000003,0.528,942
0.40800000000000003,0.656,941
0.7000000000000001,0.446,939
0.912,0.496,938
0.637,0.339,937
0.651,0.41100000000000003,936
0.7020000000000001,0.627,930
0.663,0.381,920
0.624,0.323,917
0.683,0.637,902
0.708,0.544,898
0.786,0.497,895
0.499,0.447,894
0.674,0.28500000000000003,892
0.895,0.363,884
0.657,0.203,880
0.844,0.443,879
0.621,0.334,879
0.648,0.314,875
0.612,0.538,869
0.705,0.263,867
0.713,0.386,867
0.533,0.427,866
0.811,0.495,862
0.838,0.289,861
0.732,0.5660000000000001,858
0.759,0.494,858
0.611,0.385,849
0.643,0.132,843
0.627,0.335,837
0.623,0.278,833
0.241,0.38,833
0.855,0.41200000000000003,833
0.655,0.383,831
0.53,0.535,829
0.632,0.41300000000000003,829
0.64,0.36,828
0.8180000000000001,0.538,827
0.888,0.444,823
0.63,0.091,821
0.718,0.487,820
0.548,0.231,817
0.62,0.426,817
0.71,0.491,809
0.581,0.523,803
0.746,0.534,801
0.728,0.523,800
0.775,0.47300000000000003,799
0.662,0.364,798
0.735,0.417,797
0.896,0.496,797
0.621,0.369,793
0.779,0.497,792
0.602,0.41300000000000003,791
0.578,0.422,790
0.902,0.493,789
0.839,0.321,786
0.763,0.5730000000000001,786
0.706,0.306,783
0.531,0.3,779
0.837,0.465,777
0.8270000000000001,0.53,771
0.844,0.487,767
0.599,0.449,762
0.8180000000000001,0.40700000000000003,762
0.511,0.234,758
0.455,0.732,757
0.609,0.402,756
0.741,0.362,755
0.663,0.405,753
0.7030000000000001,0.52,753
0.611,0.379,751
0.525,0.442,749
0.666,0.5690000000000001,748
0.658,0.319,747
0.7020000000000001,0.187,747
0.62,0.389,746
0.634,0.39,745
0.663,0.5740000000000001,741
0.633,0.526,741
0.6980000000000001,0.604,740
0.714,0.551,740
0.905,0.506,738
0.887,0.495,730
0.748,0.277,729
0.652,0.514,729
0.603,0.42,727
0.757,0.311,724
0.586,0.387,723
0.8240000000000001,0.387,715
0.681,0.52,714
0.882,0.242,712
0.776,0.553,712
0.731,0.325,711
0.76,0.461,711
0.707,0.482,706
0.231,0.334,704
0.801,0.487,703
0.675,0.181,697
0.798,0.541,696
0.683,0.447,692
0.634,0.444,692
0.5710000000000001,0.15,691
0.613,0.341,689
0.811,0.542,688
0.216,0.34900000000000003,687
0.807,0.511,682
0.617,0.402,680
0.545,0.40800000000000003,677
0.77,0.59,677
0.622,0.433,676
0.454,0.333,672
0.631,0.429,665
0.617,0.271,663
0.544,0.461,662
0.608,0.766,661
0.671,0.441,659
0.711,0.499,658
0.747,0.231,656
0.46,0.398,655
0.73,0.34700000000000003,655
0.41500000000000004,0.763,651
0.878,0.436,651
0.629,0.336,649
0.767,0.578,646
0.519,0.25,644
0.491,0.43,644
0.711,0.366,644
0.89,0.254,640
0.752,0.435,640
0.736,0.432,640
0.8,0.323,638
0.6930000000000001,0.43,635
0.671,0.507,635
0.752,0.5630000000000001,635
0.676,0.499,633
0.538,0.216,631
0.716,0.397,630
0.776,0.46,629
0.785,0.626,628
0.741,0.504,628
0.76,0.525,625
0.718,0.44,625
0.611,0.324,625
0.8310000000000001,0.44,624
0.6990000000000001,0.325,621
0.812,0.491,621
0.781,0.354,619
0.679,0.429,618
0.776,0.524,613
0.612,0.48,613
0.684,0.23,612
0.678,0.279,612
0.801,0.331,609
0.41000000000000003,0.843,608
0.47800000000000004,0.447,606
0.773,0.512,606
0.682,0.41400000000000003,605
0.804,0.497,604
0.744,0.37,603
0.6930000000000001,0.393,602
0.734,0.525,602
0.783,0.41600000000000004,600
0.6980000000000001,0.215,599
0.714,0.298,599
0.5690000000000001,0.399,598
0.736,0.405,596
0.671,0.14,590
0.711,0.403,590
0.62,0.381,588
0.773,0.681,585
0.78,0.656,584
0.438,0.327,584
0.8,0.496,583
0.666,0.457,580
0.687,0.536,579
0.882,0.291,577
0.7030000000000001,0.423,576
0.614,0.394,572
0.707,0.669,571
0.846,0.577,570
0.77,0.612,570
0.585,0.589,569
0.512,0.265,568
0.709,0.5640000000000001,566
0.715,0.604,566
0.751,0.428,565
0.871,0.443,565
0.75,0.406,564
0.215,0.35100000000000003,563
0.795,0.515,563
0.5700000000000001,0.532,561
0.754,0.40800000000000003,560
0.467,0.447,559
0.432,0.6920000000000001,559
0.76,0.366,557
0.742,0.42,555
0.715,0.468,555
0.532,0.40900000000000003,553
0.598,0.582,551
0.634,0.28,550
0.676,0.439,550
0.731,0.577,550
0.914,0.481,549
0.721,0.539,548
0.784,0.489,548
0.78,0.402,547
0.742,0.5680000000000001,547
0.538,0.194,546
0.655,0.202,545
0.773,0.222,545
0.684,0.51,545
0.542,0.20400000000000001,544
0.609,0.242,543
0.742,0.73,543
0.649,0.531,543
0.77,0.531,543
0.639,0.298,542
0.8260000000000001,0.489,541
0.617,0.457,541
0.764,0.442,540
0.498,0.216,540
0.792,0.41000000000000003,539
0.621,0.14100000000000001,537
0.6920000000000001,0.682,535
0.672,0.404,535
0.52,0.233,534
0.854,0.496,532
0.616,0.586,532
0.722,0.428,530
0.624,0.327,528
0.545,0.223,527
0.732,0.705,527
0.768,0.6920000000000001,526
0.604,0.36,526
0.759,0.594,525
0.756,0.61,522
0.766,0.481,522
0.658,0.127,521
0.6910000000000001,0.381,521
0.447,0.64,519
0.581,0.263,519
0.89,0.272,518
0.419,0.47500000000000003,517
0.709,0.374,517
0.765,0.489,516
0.766,0.512,514
0.493,0.129,513
0.6950000000000001,0.385,513
0.768,0.428,512
0.6900000000000001,0.443,511
0.608,0.34500000000000003,510
0.508,0.274,509
0.798,0.47300000000000003,508
0.6,0.401,507
0.495,0.5680000000000001,506
0.419,0.459,506
0.6910000000000001,0.41100000000000003,506
0.74,0.442,502
0.733,0.46900000000000003,500
0.861,0.47500000000000003,500
0.755,0.43,500
0.667,0.67,500
0.769,0.453,499
0.788,0.527,499
0.807,0.486,499
0.45,0.449,498
0.68,0.441,497
0.784,0.583,496
0.765,0.456,496
0.6970000000000001,0.426,495
0.65,0.491,493
0.745,0.522,493
0.784,0.481,491
0.62,0.581,490
0.713,0.418,489
0.722,0.623,488
0.719,0.423,487
0.658,0.389,485
0.403,0.331,483
0.219,0.355,482
0.774,0.448,481
0.735,0.498,479
0.774,0.257,479
0.628,0.454,479
0.74,0.518,478
0.54,0.308,477
0.724,0.364,474
0.639,0.673,474
0.682,0.381,473
0.507,0.431,473
0.773,0.546,472
0.8170000000000001,0.23700000000000002,471
0.811,0.553,471
0.515,0.227,470
0.777,0.538,470
0.588,0.43,468
0.516,0.429,468
0.6970000000000001,0.442,467
0.733,0.498,467
0.8140000000000001,0.509,467
0.332,0.481,466
0.782,0.524,465
0.6900000000000001,0.5660000000000001,465
0.5650000000000001,0.803,465
0.8170000000000001,0.46,465
0.87,0.177,464
0.8270000000000001,0.406,464
0.551,0.311,463
0.676,0.397,462
0.676,0.132,462
0.7010000000000001,0.452,462
0.834,0.536,461
0.40800000000000003,0.634,461
0.717,0.46,460
0.733,0.41600000000000004,459
0.399,0.17500000000000002,459
0.395,0.47800000000000004,459
0.631,0.298,459
0.742,0.503,458
0.682,0.5760000000000001,456
0.234,0.35000000000000003,456
0.764,0.532,455
0.655,0.771,455
0.81,0.437,455
0.855,0.537,454
0.707,0.299,453
0.716,0.601,453
0.665,0.427,453
0.72,0.305,452
0.542,0.72,451
0.5690000000000001,0.719,451
0.41500000000000004,0.56,449
0.901,0.463,449
0.435,0.733,448
0.741,0.47500000000000003,448
0.641,0.5,448
0.712,0.447,447
0.719,0.28500000000000003,445
0.748,0.296,444
0.75,0.47200000000000003,444
0.404,0.467,444
0.658,0.138,442
0.884,0.484,442
0.392,0.023,441
0.668,0.41200000000000003,441
0.63,0.47200000000000003,440
0.656,0.34800000000000003,439
0.646,0.23500000000000001,439
0.34,0.251,438
0.7010000000000001,0.434,438
0.786,0.552,437
0.794,0.497,437
0.737,0.546,437
0.782,0.42,437
0.763,0.517,436
0.518,0.418,436
0.8180000000000001,0.447,436
0.739,0.47800000000000004,435
0.923,0.387,435
0.677,0.445,435
0.6900000000000001,0.457,435
0.741,0.374,435
0.717,0.432,434
0.554,0.339,432
0.773,0.13,432
0.746,0.362,431
0.6920000000000001,0.449,431
0.55,0.217,431
0.6980000000000001,0.126,431
0.805,0.483,430
0.682,0.394,430
0.758,0.392,429
0.609,0.164,429
0.598,0.377,428
0.8190000000000001,0.331,427
0.708,0.466,426
0.716,0.47600000000000003,425
0.644,0.11900000000000001,425
0.516,0.41200000000000003,424
0.744,0.437,422
0.372,0.53,421
0.733,0.67,421
0.8210000000000001,0.453,420
0.754,0.464,420
0.776,0.371,420
0.741,0.485,420
0.6960000000000001,0.537,419
0.625,0.464,419
0.787,0.355,418
0.651,0.279,418
0.76,0.41000000000000003,417
0.868,0.372,417
0.558,0.33,416
0.627,0.38,416
0.608,0.39,416
0.7010000000000001,0.561,415
0.7000000000000001,0.447,415
0.675,0.317,414
0.649,0.439,414
0.64,0.586,413
0.643,0.5730000000000001,413
0.732,0.20500000000000002,411
0.762,0.625,410
0.781,0.459,410
0.765,0.394,409
0.545,0.216,408
0.647,0.403,408
0.704,0.538,408
0.761,0.376,407
0.6910000000000001,0.554,406
0.859,0.31,405
0.707,0.489,405
0.389,0.32,405
0.614,0.41500000000000004,403
0.5700000000000001,0.52,403
0.723,0.465,403
0.68,0.422,403
0.246,0.34400000000000003,403
0.8270000000000001,0.462,403
0.717,0.494,402
0.754,0.623,402
0.746,0.399,401
0.906,0.24,401
0.72,0.359,399
0.677,0.511,398
0.772,0.375,397
0.686,0.429,397
0.672,0.425,397
0.536,0.386,396
0.747,0.419,396
0.811,0.354,396
0.753,0.389,396
0.8270000000000001,0.443,395
0.762,0.504,395
0.758,0.47100000000000003,395
0.224,0.34400000000000003,394
0.753,0.455,394
0.8270000000000001,0.254,393
0.9550000000000001,0.41300000000000003,393
0.75,0.594,392
0.74,0.481,391
0.804,0.522,391
0.62,0.29,390
0.748,0.539,389
0.509,0.499,389
0.8180000000000001,0.194,389
0.23900000000000002,0.327,387
0.582,0.448,387
0.746,0.443,387
0.559,0.389,387
0.676,0.431,387
0.652,0.5640000000000001,386
0.855,0.375,385
0.581,0.062,385
0.6980000000000001,0.7020000000000001,384
0.867,0.318,383
0.601,0.181,381
0.781,0.557,381
0.864,0.391,381
0.647,0.366,381
0.632,0.362,379
0.512,0.41300000000000003,379
0.519,0.244,379
0.596,0.341,379
0.539,0.23900000000000002,378
0.705,0.462,378
0.662,0.448,378
0.729,0.368,377
0.6910000000000001,0.6990000000000001,377
0.659,0.457,377
0.77,0.443,377
0.741,0.395,377
0.7020000000000001,0.47600000000000003,377
0.556,0.404,376
0.271,0.373,376
0.845,0.596,375
0.745,0.705,375
0.616,0.595,374
0.717,0.41400000000000003,373
0.482,0.20700000000000002,371
0.879,0.372,371
0.78,0.48,370
0.834,0.502,370
0.681,0.6880000000000001,370
0.754,0.459,369
0.613,0.393,369
0.389,0.176,368
0.754,0.34700000000000003,368
0.639,0.40900000000000003,368
0.485,0.6910000000000001,368
0.538,0.464,367
0.8230000000000001,0.616,366
0.75,0.578,365
0.713,0.504,365
0.677,0.555,365
0.467,0.656,365
0.765,0.503,364
0.8,0.504,363
0.837,0.306,361
0.753,0.448,361
0.739,0.551,361
0.58,0.39,360
0.783,0.53,360
0.853,0.441,360
0.87,0.459,358
0.557,0.626,357
0.727,0.453,354
0.515,0.40900000000000003,352
0.677,0.34600000000000003,351
0.87,0.265,350
0.759,0.657,350
0.71,0.377,349
0.801,0.353,349
0.714,0.659,348
0.654,0.131,348
0.784,0.516,348
0.724,0.511,347
0.773,0.537,347
0.7010000000000001,0.401,346
0.709,0.7020000000000001,346
0.704,0.47100000000000003,346
0.642,0.33,345
0.6950000000000001,0.418,345
0.704,0.6930000000000001,345
0.519,0.249,345
0.925,0.422,345
0.8230000000000001,0.364,344
0.4,0.246,341
0.721,0.448,341
0.324,0.363,341
0.677,0.37,340
0.36,0.793,340
0.766,0.399,340
0.794,0.316,338
0.791,0.47200000000000003,338
0.846,0.493,337
0.785,0.507,337
0.734,0.276,337
0.7010000000000001,0.669,336
0.78,0.543,335
0.728,0.486,334
0.605,0.438,334
0.68,0.463,333
0.586,0.507,331
0.792,0.305,330
0.717,0.452,330
0.8170000000000001,0.483,330
0.717,0.51,329
0.8280000000000001,0.323,329
0.642,0.443,329
0.906,0.47600000000000003,328
0.241,0.334,328
0.418,0.639,327
0.587,0.275,327
0.7030000000000001,0.443,327
0.742,0.465,326
0.797,0.376,326
0.857,0.439,325
0.555,0.77,325
0.751,0.491,324
0.366,0.343,324
0.806,0.47400000000000003,324
0.723,0.458,324
0.547,0.47000000000000003,324
0.659,0.515,323
0.8240000000000001,0.294,323
0.783,0.665,322
0.8210000000000001,0.215,322
0.732,0.47500000000000003,321
0.666,0.419,321
0.34700000000000003,0.226,321
0.521,0.321,321
0.456,0.334,321
0.553,0.431,321
0.525,0.541,320
0.5720000000000001,0.658,319
0.681,0.529,317
0.632,0.324,316
0.773,0.488,315
0.756,0.498,315
0.749,0.487,315
0.6880000000000001,0.387,315
0.792,0.369,315
0.8130000000000001,0.417,315
0.795,0.555,315
0.519,0.388,314
0.731,0.402,313
0.794,0.418,313
0.777,0.433,313
0.483,0.54,313
0.641,0.459,312
0.842,0.40900000000000003,312
0.9440000000000001,0.256,311
0.606,0.039,310
0.718,0.5680000000000001,310
0.223,0.33,310
0.53,0.65,308
0.609,0.617,307
0.7000000000000001,0.444,307
0.73,0.434,307
0.666,0.115,307
0.539,0.604,307
0.376,0.466,306
0.636,0.546,306
0.767,0.47300000000000003,305
0.736,0.47800000000000004,305
0.731,0.546,304
0.763,0.481,303
0.36,0.47000000000000003,302
0.72,0.529,302
0.754,0.605,301
0.679,0.754,301
0.787,0.458,301
0.73,0.465,301
0.721,0.731,300
0.735,0.22,299
0.744,0.724,298
0.418,0.509,297
0.878,0.277,297
0.86,0.583,297
0.896,0.378,295
0.727,0.633,295
0.726,0.506,294
0.536,0.272,293
0.643,0.519,293
0.541,0.741,292
0.6940000000000001,0.456,291
0.794,0.526,291
0.626,0.5730000000000001,291
0.914,0.486,290
0.5690000000000001,0.375,290
0.746,0.453,290
0.857,0.508,290
0.558,0.23500000000000001,290
0.742,0.507,290
0.652,0.17200000000000001,289
0.856,0.5680000000000001,289
0.742,0.515,288
0.755,0.381,288
0.8270000000000001,0.452,288
0.377,0.856,287
0.773,0.499,287
0.8190000000000001,0.526,287
0.622,0.704,286
0.9590000000000001,0.319,286
0.524,0.47100000000000003,285
0.68,0.406,284
0.869,0.41500000000000004,284
0.682,0.526,284
0.668,0.543,284
0.85,0.589,283
0.599,0.386,283
0.744,0.508,283
0.774,0.221,282
0.838,0.437,280
0.621,0.243,280
0.539,0.593,280
0.96,0.401,280
0.88,0.517,279
0.796,0.392,278
0.736,0.106,276
0.742,0.391,276
0.8240000000000001,0.536,276
0.6890000000000001,0.781,275
0.552,0.761,275
0.509,0.245,275
0.801,0.547,274
0.719,0.098,274
0.732,0.487,273
0.754,0.224,273
0.8130000000000001,0.499,272
0.799,0.17,272
0.721,0.558,272
0.6970000000000001,0.463,272
0.516,0.203,271
0.751,0.485,271
0.6920000000000001,0.14200000000000002,271
0.578,0.404,271
0.398,0.223,270
0.801,0.457,270
0.717,0.499,269
0.672,0.363,268
0.765,0.42,267
0.915,0.188,267
0.622,0.582,266
0.713,0.43,266
0.812,0.593,265
0.725,0.47100000000000003,265
0.769,0.498,264
0.839,0.298,264
0.794,0.537,264
0.676,0.423,264
0.903,0.447,263
0.766,0.598,263
0.5750000000000001,0.436,262
0.799,0.669,262
0.46,0.447,262
0.92,0.441,261
0.546,0.764,261
0.668,0.768,260
0.624,0.716,260
0.365,0.662,260
0.678,0.41300000000000003,259
0.883,0.42,259
0.59,0.406,259
0.711,0.59,258
0.762,0.602,257
0.66,0.557,257
0.754,0.371,256
0.8310000000000001,0.225,256
0.706,0.456,255
0.84,0.632,254
0.643,0.434,254
0.612,0.462,253
0.811,0.212,253
0.676,0.251,253
0.615,0.365,253
0.721,0.35100000000000003,252
0.678,0.606,252
0.488,0.874,252
0.505,0.202,252
0.533,0.577,252
0.6,0.663,251
0.885,0.46900000000000003,251
0.721,0.391,251
0.704,0.432,250
0.673,0.356,249
0.686,0.372,249
0.742,0.493,249
0.682,0.39,249
0.767,0.385,249
0.739,0.265,249
0.732,0.38,249
0.742,0.608,248
0.644,0.508,248
0.711,0.439,248
0.771,0.465,247
0.6960000000000001,0.558,247
0.737,0.47000000000000003,247
0.429,0.20600000000000002,247
0.739,0.139,247
0.645,0.616,246
0.515,0.154,246
0.724,0.434,246
0.526,0.426,246
0.8160000000000001,0.405,245
0.6950000000000001,0.404,245
0.76,0.562,244
0.662,0.426,244
0.735,0.653,244
0.762,0.35000000000000003,244
0.751,0.464,244
0.657,0.424,244
0.674,0.392,244
0.755,0.508,244
0.735,0.536,244
0.785,0.406,243
0.5740000000000001,0.40700000000000003,243
0.8160000000000001,0.516,243
0.51,0.381,242
0.439,0.223,242
0.745,0.449,242
0.762,0.117,241
0.752,0.5700000000000001,241
0.858,0.376,240
0.644,0.47800000000000004,240
0.748,0.49,240
0.622,0.734,239
0.76,0.541,239
0.835,0.59,239
0.837,0.579,238
0.735,0.383,238
0.493,0.234,237
0.659,0.435,236
0.746,0.548,236
0.849,0.506,236
0.798,0.491,236
0.6950000000000001,0.41000000000000003,236
0.241,0.367,235
0.518,0.405,235
0.734,0.463,235
0.896,0.442,235
0.743,0.675,235
0.807,0.362,235
0.551,0.423,235
0.807,0.518,234
0.801,0.177,234
0.538,0.226,234
0.68,0.749,234
0.7010000000000001,0.42,234
0.709,0.234,234
0.852,0.49,233
0.68,0.47600000000000003,233
0.589,0.722,233
0.743,0.41600000000000004,233
0.812,0.17200000000000001,232
0.483,0.23500000000000001,232
0.56,0.195,231
0.675,0.643,230
0.71,0.405,230
0.387,0.34600000000000003,230
0.618,0.248,229
0.5640000000000001,0.396,229
0.6890000000000001,0.543,228
0.5720000000000001,0.661,228
0.785,0.444,228
0.729,0.452,228
0.728,0.338,228
0.736,0.375,228
0.587,0.398,227
0.663,0.111,227
0.8,0.532,227
0.38,0.486,227
0.499,0.378,227
0.353,0.34400000000000003,226
0.42,0.488,226
0.441,0.293,226
0.773,0.47300000000000003,226
0.652,0.11800000000000001,225
0.788,0.39,225
0.20500000000000002,0.335,225
0.637,0.545,224
0.373,0.28400000000000003,224
0.685,0.457,224
0.624,0.508,224
0.7020000000000001,0.395,224
0.793,0.362,223
0.725,0.41200000000000003,223
0.49,0.125,223
0.596,0.518,223
0.722,0.44,222
0.711,0.486,222
0.7030000000000001,0.445,222
0.837,0.446,222
0.6920000000000001,0.462,221
0.33,0.356,221
0.866,0.435,221
0.403,0.433,221
0.47500000000000003,0.271,220
0.65,0.434,220
0.728,0.482,220
0.931,0.222,219
0.9560000000000001,0.359,219
0.605,0.038,219
0.512,0.637,219
0.714,0.527,218
0.728,0.47700000000000004,217
0.8250000000000001,0.553,217
0.733,0.442,216
0.755,0.493,215
0.559,0.535,215
0.734,0.533,215
0.397,0.363,215
0.709,0.425,214
0.805,0.397,214
0.719,0.418,214
0.512,0.423,214
0.776,0.395,213
0.757,0.601,213
0.7000000000000001,0.316,213
0.434,0.279,212
0.5710000000000001,0.234,211
0.715,0.439,211
0.6940000000000001,0.436,211
0.865,0.245,210
0.736,0.463,210
0.41000000000000003,0.504,210
0.839,0.453,210
0.329,0.18,209
0.521,0.59,209
0.6970000000000001,0.47000000000000003,209
0.742,0.331,209
0.41400000000000003,0.47100000000000003,209
0.6920000000000001,0.438,208
0.426,0.682,207
0.5690000000000001,0.773,207
0.535,0.246,207
0.448,0.365,206
0.718,0.401,206
0.662,0.772,205
0.803,0.47400000000000003,205
0.542,0.539,205
0.812,0.466,204
0.7000000000000001,0.443,204
0.797,0.505,204
0.323,0.528,203
0.881,0.301,203
0.86,0.444,203
0.778,0.419,203
0.748,0.441,203
0.793,0.442,202
0.803,0.55,202
0.6910000000000001,0.59,201
0.794,0.244,200
0.774,0.519,200
0.772,0.436,200
0.755,0.5,200
0.934,0.448,200
0.721,0.687,199
0.606,0.398,199
0.517,0.715,199
0.8190000000000001,0.584,198
0.445,0.729,198
0.705,0.41300000000000003,197
0.5680000000000001,0.373,197
0.645,0.375,196
0.76,0.49,196
0.727,0.391,196
0.46,0.057,195
0.4,0.049,195
0.545,0.756,194
0.375,0.324,193
0.756,0.557,193
0.9560000000000001,0.41300000000000003,193
0.797,0.447,192
0.537,0.189,192
0.736,0.424,191
0.251,0.36,191
0.417,0.543,190
0.673,0.35000000000000003,189
0.65,0.454,189
0.661,0.722,188
0.728,0.444,188
0.545,0.844,188
0.735,0.447,188
0.466,0.771,186
0.9560000000000001,0.221,186
0.668,0.394,186
0.751,0.418,185
0.781,0.435,185
0.7010000000000001,0.438,185
0.725,0.452,185
0.871,0.23600000000000002,184
0.709,0.535,184
0.531,0.65,184
0.707,0.7010000000000001,184
0.274,0.259,184
0.755,0.403,184
0.6880000000000001,0.181,184
0.6970000000000001,0.454,184
0.394,0.21,183
0.299,0.268,183
0.619,0.07100000000000001,183
0.841,0.618,183
0.752,0.39,183
0.557,0.599,182
0.308,0.29,182
0.755,0.199,182
0.788,0.304,182
0.435,0.517,181
0.9590000000000001,0.41200000000000003,181
0.547,0.785,180
0.632,0.17200000000000001,180
0.713,0.547,180
0.728,0.541,179
0.735,0.518,179
0.744,0.509,179
0.758,0.47900000000000004,178
0.712,0.444,177
0.534,0.601,177
0.35100000000000003,0.855,177
0.551,0.48,176
0.384,0.40800000000000003,176
0.74,0.48,176
0.91,0.442,175
0.744,0.495,175
0.58,0.159,175
0.724,0.34400000000000003,175
0.767,0.541,174
0.776,0.483,174
0.732,0.652,174
0.8,0.17,172
0.419,0.464,172
0.773,0.429,172
0.8240000000000001,0.433,172
0.806,0.492,171
0.794,0.171,171
0.792,0.549,170
0.721,0.503,170
0.668,0.804,170
0.78,0.169,170
0.704,0.40700000000000003,170
0.732,0.455,169
0.913,0.202,169
0.619,0.20400000000000001,168
0.389,0.319,168
0.858,0.508,168
0.669,0.528,168
0.722,0.378,166
0.7030000000000001,0.371,166
0.41000000000000003,0.419,166
0.796,0.483,165
0.674,0.431,165
0.51,0.538,164
0.79,0.435,164
0.5670000000000001,0.762,164
0.672,0.434,164
0.741,0.517,163
0.79,0.6970000000000001,162
0.79,0.359,162
0.75,0.489,162
0.902,0.367,162
0.761,0.5680000000000001,162
0.76,0.399,162
0.40900000000000003,0.195,162
0.753,0.443,161
0.422,0.47300000000000003,161
0.433,0.873,161
0.865,0.177,161
0.725,0.384,160
0.5650000000000001,0.314,160
0.332,0.445,159
0.502,0.39,159
0.558,0.787,159
0.552,0.506,159
0.79,0.425,159
0.7020000000000001,0.712,159
0.756,0.518,159
0.388,0.13,158
0.298,0.426,158
0.833,0.552,158
0.5630000000000001,0.353,158
0.554,0.46,158
0.457,0.343,158
0.642,0.41300000000000003,158
0.453,0.636,157
0.709,0.47800000000000004,157
0.731,0.428,157
0.753,0.091,157
0.733,0.532,156
0.842,0.605,156
0.5680000000000001,0.108,156
0.861,0.451,156
0.927,0.433,156
0.603,0.81,155
0.786,0.363,155
0.766,0.402,155
0.787,0.226,155
0.804,0.526,155
0.75,0.546,155
0.331,0.242,154
0.721,0.201,154
0.721,0.642,154
0.768,0.394,153
0.783,0.541,153
0.8,0.526,153
0.513,0.552,152
0.665,0.53,152
0.426,0.466,152
0.859,0.181,152
0.613,0.064,152
0.594,0.488,152
0.723,0.184,151
0.716,0.326,151
0.719,0.374,150
0.537,0.752,150
0.788,0.428,150
0.808,0.657,150
0.833,0.188,149
0.549,0.6,149
0.9410000000000001,0.179,149
0.744,0.47500000000000003,149
0.616,0.166,148
0.659,0.525,148
0.763,0.468,147
0.756,0.462,147
0.334,0.197,146
0.727,0.254,146
0.714,0.377,145
0.668,0.488,145
0.542,0.482,145
0.723,0.47800000000000004,145
0.263,0.264,145
0.6970000000000001,0.095,144
0.374,0.067,144
0.687,0.451,144
0.548,0.14100000000000001,144
0.438,0.865,143
0.761,0.093,143
0.47800000000000004,0.707,143
0.762,0.458,142
0.72,0.40800000000000003,142
0.513,0.391,142
0.685,0.169,142
0.744,0.489,142
0.74,0.402,142
0.314,0.352,142
0.663,0.46900000000000003,142
0.41200000000000003,0.801,141
0.747,0.47900000000000004,141
0.616,0.678,141
0.752,0.148,141
0.6900000000000001,0.467,141
0.426,0.467,140
0.789,0.455,140
0.804,0.326,140
0.445,0.15,140
0.724,0.55,139
0.634,0.334,139
0.753,0.47800000000000004,139
0.557,0.41300000000000003,139
0.543,0.42,138
0.789,0.378,138
0.8,0.168,138
0.403,0.922,138
0.8270000000000001,0.437,137
0.609,0.052000000000000005,137
0.627,0.389,137
0.739,0.488,137
0.773,0.425,137
0.767,0.546,136
0.732,0.465,136
0.86,0.595,136
0.524,0.255,135
0.715,0.481,135
0.713,0.483,134
0.667,0.113,134
0.25,0.376,134
0.982,0.34800000000000003,134
0.53,0.23600000000000002,134
0.75,0.488,134
0.772,0.459,134
0.76,0.426,134
0.34400000000000003,0.256,134
0.887,0.431,134
0.756,0.435,134
0.739,0.46,134
0.87,0.47000000000000003,133
0.711,0.47400000000000003,133
0.717,0.533,132
0.358,0.035,132
0.8260000000000001,0.501,132
0.721,0.497,132
0.6910000000000001,0.538,132
0.737,0.6930000000000001,131
0.778,0.71,131
0.23900000000000002,0.373,130
0.557,0.20700000000000002,130
0.803,0.442,130
0.9530000000000001,0.256,130
0.743,0.253,130
0.708,0.524,130
0.627,0.452,130
0.762,0.517,130
0.874,0.264,130
0.909,0.303,130
0.55,0.77,129
0.714,0.444,129
0.736,0.484,129
0.802,0.376,129
0.796,0.494,129
0.895,0.258,129
0.675,0.424,128
0.789,0.341,128
0.742,0.49,128
0.752,0.549,128
0.295,0.152,128
0.578,0.5640000000000001,128
0.794,0.431,128
0.6930000000000001,0.449,128
0.483,0.054,127
0.727,0.48,127
0.619,0.036000000000000004,127
0.6970000000000001,0.376,126
0.717,0.635,126
0.731,0.537,126
0.266,0.362,126
0.6980000000000001,0.383,125
0.808,0.403,125
0.502,0.873,125
0.41500000000000004,0.664,125
0.709,0.752,125
0.841,0.271,125
0.41500000000000004,0.462,124
0.922,0.355,124
0.81,0.47600000000000003,124
0.51,0.23700000000000002,124
0.745,0.41100000000000003,124
0.733,0.491,123
0.714,0.406,123
0.73,0.308,123
0.905,0.489,122
0.806,0.429,122
0.766,0.539,122
0.8180000000000001,0.41200000000000003,122
0.755,0.363,122
0.834,0.466,121
0.6950000000000001,0.597,121
0.5730000000000001,0.68,121
0.536,0.377,120
0.507,0.41600000000000004,120
0.397,0.617,120
0.668,0.588,119
0.73,0.448,119
0.6930000000000001,0.402,119
0.736,0.441,119
0.736,0.355,119
0.721,0.41100000000000003,119
0.585,0.23700000000000002,119
0.779,0.459,119
0.91,0.244,119
0.648,0.115,118
0.8260000000000001,0.493,118
0.487,0.588,118
0.724,0.47300000000000003,118
0.764,0.498,118
0.645,0.449,117
0.324,0.47100000000000003,117
0.331,0.397,117
0.873,0.49,116
0.738,0.559,116
0.743,0.486,116
0.75,0.44,115
0.895,0.47200000000000003,115
0.844,0.5,114
0.8200000000000001,0.459,114
0.837,0.543,114
0.405,0.8320000000000001,113
0.657,0.221,113
0.634,0.427,113
0.5740000000000001,0.713,113
0.882,0.548,113
0.684,0.31,112
0.777,0.382,112
0.655,0.597,112
0.66,0.454,112
0.6910000000000001,0.507,112
0.71,0.384,112
0.65,0.728,111
0.763,0.433,111
0.47500000000000003,0.228,110
0.937,0.432,109
0.969,0.246,109
0.532,0.783,108
0.728,0.425,108
0.493,0.367,108
0.684,0.158,108
0.717,0.753,108
0.708,0.41400000000000003,107
0.711,0.41300000000000003,107
0.671,0.11,107
0.723,0.454,107
0.393,0.016,107
0.8190000000000001,0.46900000000000003,106
0.435,0.561,106
0.734,0.743,106
0.778,0.492,106
0.731,0.517,106
0.6940000000000001,0.466,105
0.247,0.28700000000000003,105
0.93,0.28200000000000003,104
0.636,0.778,104
0.735,0.487,104
0.709,0.368,104
0.75,0.487,104
0.685,0.41400000000000003,104
0.812,0.456,103
0.7010000000000001,0.404,103
0.736,0.493,103
0.446,0.624,103
0.296,0.2,102
0.777,0.514,102
0.456,0.405,102
0.537,0.686,102
0.738,0.45,101
0.78,0.467,101
0.742,0.449,101
0.988,0.34900000000000003,100
0.812,0.157,100
0.706,0.459,100
0.8230000000000001,0.578,99
0.424,0.648,99
0.654,0.8130000000000001,99
0.484,0.726,99
0.915,0.34900000000000003,99
0.739,0.47400000000000003,99
0.671,0.718,99
0.864,0.251,99
0.717,0.41100000000000003,98
0.29,0.34800000000000003,98
0.587,0.503,98
0.8300000000000001,0.455,98
0.724,0.547,98
0.973,0.331,98
0.6980000000000001,0.355,98
0.389,0.177,98
0.668,0.437,98
0.707,0.449,97
0.8180000000000001,0.41000000000000003,97
0.802,0.51,97
0.789,0.447,97
0.767,0.521,97
0.456,0.908,96
0.791,0.489,96
0.6910000000000001,0.41000000000000003,96
0.406,0.178,96
0.758,0.441,95
0.722,0.454,95
0.755,0.41600000000000004,95
0.637,0.083,95
0.867,0.276,95
0.864,0.561,95
0.91,0.5,94
0.799,0.552,94
0.725,0.437,94
0.746,0.513,94
0.806,0.519,93
0.745,0.517,93
0.218,0.314,93
0.732,0.359,93
0.8180000000000001,0.497,93
0.723,0.522,92
0.722,0.438,92
0.6980000000000001,0.485,91
0.67,0.608,91
0.876,0.539,91
0.377,0.548,91
0.806,0.289,91
0.719,0.524,91
0.666,0.403,91
0.374,0.676,91
0.789,0.229,90
0.936,0.224,90
0.602,0.462,90
0.655,0.81,90
0.8200000000000001,0.389,89
0.398,0.03,89
0.8150000000000001,0.532,89
0.6940000000000001,0.453,89
0.791,0.203,89
0.546,0.749,89
0.802,0.515,88
0.801,0.388,88
0.744,0.514,88
0.394,0.319,88
0.714,0.376,88
0.314,0.182,88
0.747,0.528,87
0.56,0.399,87
0.9,0.483,87
0.902,0.487,87
0.895,0.391,87
0.992,0.328,87
0.8200000000000001,0.393,87
0.897,0.28500000000000003,86
0.497,0.247,86
0.41200000000000003,0.465,86
0.391,0.739,86
0.745,0.47900000000000004,85
0.338,0.228,85
0.382,0.532,85
0.582,0.523,85
0.6950000000000001,0.424,85
0.719,0.467,85
0.718,0.504,85
0.23,0.342,85
0.751,0.456,85
0.47500000000000003,0.195,84
0.873,0.438,84
0.711,0.52,84
0.768,0.493,84
0.685,0.451,84
0.7010000000000001,0.743,84
0.504,0.067,84
0.541,0.739,84
0.73,0.505,83
0.35000000000000003,0.499,83
0.47700000000000004,0.748,83
0.742,0.687,83
0.669,0.41200000000000003,83
0.49,0.126,83
0.8270000000000001,0.661,83
0.758,0.49,83
0.7000000000000001,0.47400000000000003,82
0.747,0.51,82
0.8180000000000001,0.653,82
0.771,0.494,82
0.598,0.073,82
0.718,0.463,82
0.494,0.264,81
0.741,0.496,81
0.715,0.134,81
0.774,0.48,81
0.626,0.367,80
0.74,0.40900000000000003,80
0.296,0.199,80
0.683,0.40700000000000003,80
0.395,0.094,79
0.791,0.559,79
0.8130000000000001,0.309,79
0.536,0.324,79
0.784,0.212,79
0.523,0.35000000000000003,79
0.735,0.522,79
0.783,0.149,79
0.397,0.151,79
0.769,0.627,78
0.426,0.782,78
0.792,0.482,78
0.684,0.40900000000000003,78
0.47200000000000003,0.61,78
0.802,0.553,78
0.436,0.47000000000000003,78
0.794,0.5670000000000001,77
0.619,0.577,77
0.792,0.47800000000000004,77
0.742,0.455,77
0.897,0.267,77
0.47900000000000004,0.8150000000000001,76
0.795,0.516,76
0.892,0.246,76
0.93,0.187,76
0.444,0.299,76
0.8150000000000001,0.535,76
0.88,0.304,76
0.799,0.163,75
0.6920000000000001,0.384,75
0.913,0.367,75
0.655,0.375,75
0.969,0.384,74
0.73,0.485,74
0.793,0.223,74
0.23600000000000002,0.354,74
0.738,0.455,74
0.53,0.396,74
0.554,0.793,74
0.366,0.10300000000000001,74
0.528,0.456,73
0.897,0.158,73
0.8310000000000001,0.529,73
0.234,0.257,73
0.9500000000000001,0.254,73
0.735,0.17200000000000001,73
0.562,0.449,72
0.462,0.244,72
0.799,0.53,72
0.8150000000000001,0.359,72
0.707,0.5720000000000001,72
0.662,0.353,72
0.457,0.146,71
0.739,0.54,71
0.916,0.496,71
0.542,0.289,71
0.968,0.425,71
0.661,0.28600000000000003,71
0.621,0.393,70
0.496,0.297,70
0.536,0.465,70
0.448,0.465,70
0.588,0.536,70
0.851,0.519,70
0.659,0.145,70
0.654,0.436,68
0.706,0.591,68
0.493,0.34800000000000003,68
0.558,0.593,68
0.678,0.487,68
0.758,0.47200000000000003,67
0.808,0.667,67
0.786,0.599,67
0.61,0.517,67
0.804,0.426,67
0.556,0.721,67
0.523,0.315,66
0.743,0.197,66
0.58,0.798,66
0.765,0.537,66
0.919,0.431,66
0.736,0.514,65
0.714,0.624,65
0.401,0.452,65
0.747,0.41500000000000004,65
0.396,0.281,65
0.56,0.274,65
0.786,0.47400000000000003,65
0.674,0.289,65
0.777,0.46,65
0.7000000000000001,0.551,64
0.774,0.393,64
0.429,0.46,64
0.389,0.488,64
0.871,0.278,64
0.975,0.356,64
0.525,0.301,64
0.736,0.36,64
0.963,0.34500000000000003,63
0.523,0.226,63
0.727,0.402,63
0.301,0.395,63
0.776,0.683,63
0.465,0.20800000000000002,63
0.76,0.618,63
0.734,0.531,62
0.737,0.465,62
0.607,0.02,62
0.843,0.20800000000000002,62
0.599,0.8130000000000001,62
0.664,0.41000000000000003,62
0.92,0.28,62
0.463,0.399,61
0.713,0.41000000000000003,61
0.684,0.441,61
0.47400000000000003,0.554,61
0.316,0.298,61
0.6880000000000001,0.432,61
0.858,0.528,61
0.919,0.28500000000000003,61
0.281,0.168,61
0.8180000000000001,0.167,61
0.522,0.806,60
0.709,0.604,60
0.352,0.364,60
0.489,0.127,60
0.483,0.737,60
0.918,0.295,59
0.81,0.439,59
0.47000000000000003,0.451,59
0.373,0.082,59
0.302,0.20500000000000002,59
0.72,0.47100000000000003,59
0.889,0.259,59
0.937,0.312,59
0.733,0.523,58
0.656,0.8150000000000001,58
0.738,0.53,58
0.722,0.459,58
0.6880000000000001,0.437,58
0.738,0.428,58
0.799,0.298,58
0.732,0.47800000000000004,57
0.31,0.234,57
0.764,0.715,57
0.535,0.117,57
0.523,0.534,57
0.6880000000000001,0.403,57
0.372,0.424,56
0.759,0.488,56
0.766,0.506,56
0.74,0.457,56
0.812,0.47400000000000003,56
0.745,0.484,56
0.785,0.546,56
0.883,0.268,56
0.762,0.446,56
0.734,0.521,56
0.757,0.503,55
0.6880000000000001,0.434,55
0.749,0.448,55
0.792,0.271,55
0.754,0.461,55
0.434,0.369,55
0.722,0.45,55
0.704,0.526,55
0.725,0.366,55
0.717,0.391,55
0.72,0.367,54
0.6930000000000001,0.373,54
0.792,0.497,54
0.743,0.555,54
0.338,0.189,54
0.6880000000000001,0.498,53
0.74,0.147,53
0.302,0.311,53
0.4,0.399,53
0.7000000000000001,0.437,53
0.778,0.583,53
0.716,0.47200000000000003,53
0.684,0.43,52
0.61,0.371,52
0.46900000000000003,0.539,52
0.803,0.45,52
0.725,0.448,52
0.509,0.052000000000000005,52
0.678,0.388,52
0.724,0.482,52
0.869,0.255,52
0.629,0.192,51
0.9410000000000001,0.246,51
0.844,0.519,51
0.733,0.455,51
0.752,0.502,51
0.6930000000000001,0.423,51
0.784,0.273,51
0.6960000000000001,0.461,50
0.367,0.198,50
0.833,0.333,50
0.297,0.431,50
0.544,0.537,50
0.68,0.525,50
0.856,0.293,50
0.626,0.378,50
0.47600000000000003,0.75,50
0.5,0.659,50
0.6990000000000001,0.389,50
0.435,0.6920000000000001,50
0.643,0.353,50
0.71,0.315,49
0.521,0.226,49
0.735,0.451,49
0.42,0.057,49
0.646,0.518,48
0.611,0.02,48
0.685,0.503,48
0.719,0.446,48
0.904,0.47300000000000003,47
0.704,0.484,47
0.884,0.277,47
0.791,0.652,47
0.511,0.296,47
0.6950000000000001,0.445,47
0.737,0.455,47
0.448,0.324,47
0.727,0.495,47
0.661,0.354,47
0.7000000000000001,0.4,47
0.71,0.595,47
0.74,0.511,47
0.77,0.398,47
0.3,0.417,47
0.218,0.28300000000000003,46
0.391,0.903,46
0.967,0.201,46
0.887,0.396,46
0.711,0.728,46
0.71,0.529,46
0.799,0.628,46
0.608,0.061,45
0.753,0.437,45
0.562,0.744,45
0.648,0.42,44
0.794,0.20600000000000002,44
0.763,0.496,44
0.518,0.42,44
0.992,0.292,44
0.643,0.352,44
0.6990000000000001,0.446,44
0.5700000000000001,0.467,44
0.706,0.105,44
0.743,0.33,43
0.727,0.431,43
0.722,0.461,43
0.343,0.438,43
0.276,0.358,43
0.735,0.533,43
0.75,0.458,43
0.809,0.491,43
0.779,0.467,43
0.672,0.534,43
0.676,0.418,43
0.856,0.555,42
0.74,0.459,42
0.539,0.8190000000000001,42
0.74,0.428,41
0.9520000000000001,0.338,41
0.921,0.34900000000000003,41
0.8320000000000001,0.218,41
0.775,0.484,41
0.616,0.488,41
0.799,0.67,41
0.539,0.225,41
0.486,0.40900000000000003,41
0.717,0.504,41
0.6900000000000001,0.434,41
0.751,0.449,41
0.552,0.34700000000000003,41
0.805,0.435,41
0.748,0.463,41
0.729,0.449,40
0.327,0.329,40
0.706,0.449,40
0.652,0.182,40
0.545,0.232,40
0.49,0.803,40
0.748,0.481,40
0.393,0.252,39
0.737,0.47600000000000003,39
0.803,0.492,39
0.772,0.513,39
0.432,0.716,39
0.6960000000000001,0.468,38
0.233,0.341,38
0.711,0.5710000000000001,38
0.669,0.302,38
0.395,0.6970000000000001,38
0.81,0.64,38
0.732,0.486,38
0.623,0.266,38
0.915,0.26,38
0.716,0.493,38
0.68,0.527,38
0.68,0.423,38
0.772,0.601,38
0.6980000000000001,0.59,38
0.587,0.466,38
0.613,0.383,38
0.775,0.28600000000000003,37
0.8,0.46900000000000003,37
0.545,0.42,37
0.6930000000000001,0.531,37
0.383,0.5730000000000001,37
0.803,0.308,37
0.723,0.504,37
0.398,0.17200000000000001,37
0.652,0.42,37
0.716,0.508,36
0.391,0.186,36
0.506,0.579,36
0.545,0.846,36
0.711,0.405,36
0.6950000000000001,0.591,36
0.776,0.5640000000000001,36
0.6940000000000001,0.366,36
0.538,0.23900000000000002,36
0.279,0.376,36
0.738,0.429,36
0.78,0.592,35
0.835,0.41300000000000003,35
0.668,0.402,35
0.926,0.35100000000000003,35
0.662,0.5660000000000001,35
0.47900000000000004,0.022,35
0.872,0.546,35
0.423,0.481,35
0.766,0.35100000000000003,35
0.659,0.14400000000000002,34
0.752,0.463,34
0.728,0.48,34
0.721,0.438,34
0.6980000000000001,0.47900000000000004,34
0.898,0.40900000000000003,34
0.716,0.391,34
0.677,0.405,33
0.78,0.361,33
0.793,0.528,33
0.936,0.294,33
0.8230000000000001,0.638,33
0.733,0.53,33
0.512,0.074,33
0.758,0.584,33
0.801,0.67,33
0.398,0.536,33
0.297,0.356,32
0.588,0.513,32
0.52,0.759,32
0.897,0.507,32
0.767,0.685,32
0.657,0.431,32
0.748,0.158,32
0.659,0.588,32
0.518,0.055,32
0.724,0.14300000000000002,32
0.759,0.618,32
0.7010000000000001,0.61,32
0.424,0.71,32
0.307,0.304,31
0.68,0.609,31
0.747,0.513,31
0.745,0.513,31
0.435,0.186,31
0.639,0.545,31
0.492,0.312,31
0.666,0.642,31
0.756,0.47000000000000003,31
0.23500000000000001,0.358,31
0.76,0.08700000000000001,30
0.355,0.311,30
0.501,0.23500000000000001,30
0.809,0.58,30
0.726,0.555,30
0.613,0.382,30
0.8270000000000001,0.153,30
0.682,0.439,30
0.801,0.49,30
0.23800000000000002,0.382,30
0.801,0.43,30
0.721,0.166,29
0.65,0.47100000000000003,29
0.617,0.391,29
0.293,0.176,29
0.791,0.511,29
0.389,0.317,29
0.771,0.513,29
0.734,0.436,29
0.512,0.228,28
0.878,0.503,28
0.736,0.485,28
0.748,0.537,28
0.75,0.46,28
0.76,0.369,28
0.355,0.5690000000000001,28
0.764,0.541,28
0.781,0.426,28
0.8140000000000001,0.522,28
0.774,0.097,28
0.752,0.459,28
0.587,0.371,28
0.796,0.497,28
0.366,0.595,27
0.781,0.484,27
0.306,0.257,27
0.47800000000000004,0.581,27
0.741,0.449,27
0.725,0.491,27
0.6880000000000001,0.301,27
0.744,0.441,27
0.535,0.544,27
0.737,0.461,27
0.929,0.184,26
0.595,0.23800000000000002,26
0.781,0.631,26
0.328,0.187,26
0.704,0.406,26
0.686,0.448,26
0.707,0.40700000000000003,26
0.6890000000000001,0.443,26
0.767,0.503,26
0.717,0.534,26
0.754,0.739,26
0.34600000000000003,0.431,26
0.65,0.43,26
0.685,0.445,25
0.281,0.418,25
0.687,0.444,25
0.7020000000000001,0.445,25
0.712,0.491,25
0.727,0.537,25
0.784,0.5640000000000001,25
0.712,0.40700000000000003,25
0.6900000000000001,0.485,25
0.767,0.529,25
0.865,0.504,25
0.6970000000000001,0.444,25
0.739,0.51,24
0.8170000000000001,0.626,24
0.756,0.493,24
0.713,0.531,24
0.736,0.491,24
0.758,0.428,24
0.763,0.494,24
0.747,0.495,24
0.592,0.395,24
0.712,0.494,24
0.44,0.548,24
0.684,0.42,24
0.807,0.534,24
0.728,0.451,24
0.369,0.901,24
0.6920000000000001,0.466,23
0.788,0.534,23
0.544,0.224,23
0.736,0.454,23
0.788,0.122,23
0.656,0.121,23
0.743,0.49,23
0.768,0.497,23
0.758,0.627,23
0.35100000000000003,0.524,23
0.47700000000000004,0.669,23
0.76,0.34,23
0.784,0.511,23
0.557,0.03,23
0.717,0.47200000000000003,23
0.216,0.291,22
0.754,0.5690000000000001,22
0.741,0.458,22
0.448,0.381,22
0.393,0.315,22
0.739,0.495,22
0.47100000000000003,0.185,22
0.611,0.052000000000000005,22
0.456,0.097,22
0.6940000000000001,0.448,22
0.723,0.43,22
0.758,0.494,22
0.716,0.439,22
0.341,0.161,22
0.449,0.021,22
0.8140000000000001,0.11,22
0.714,0.525,22
0.746,0.495,22
0.765,0.5670000000000001,21
0.715,0.466,21
0.736,0.385,21
0.812,0.545,21
0.779,0.466,21
0.638,0.398,21
0.769,0.153,21
0.744,0.429,21
0.709,0.40900000000000003,21
0.712,0.637,21
0.76,0.454,21
0.77,0.543,21
0.853,0.155,21
0.736,0.465,21
0.983,0.274,20
0.675,0.381,20
0.731,0.464,20
0.491,0.639,20
0.781,0.464,20
0.6910000000000001,0.449,20
0.739,0.512,20
0.85,0.519,20
0.873,0.135,20
0.753,0.483,20
0.49,0.082,20
0.77,0.465,19
0.6990000000000001,0.456,19
0.9470000000000001,0.385,19
0.729,0.48,19
0.771,0.546,19
0.656,0.23600000000000002,19
0.733,0.5650000000000001,19
0.27,0.40700000000000003,19
0.582,0.43,19
0.899,0.464,19
0.759,0.089,19
0.341,0.482,19
0.746,0.509,19
0.746,0.458,19
0.745,0.392,19
0.606,0.29,19
0.783,0.518,19
0.713,0.383,19
0.891,0.251,19
0.762,0.5630000000000001,18
0.676,0.188,18
0.767,0.08600000000000001,18
0.429,0.587,18
0.74,0.426,18
0.6980000000000001,0.516,18
0.907,0.49,18
0.742,0.609,18
0.706,0.085,18
0.439,0.074,18
0.734,0.498,18
0.249,0.27,18
0.87,0.5760000000000001,18
0.768,0.434,18
0.714,0.426,18
0.657,0.106,18
0.727,0.638,18
0.751,0.489,18
0.749,0.47800000000000004,18
0.561,0.771,17
0.766,0.545,17
0.686,0.539,17
0.778,0.514,17
0.962,0.331,17
0.986,0.36,17
0.668,0.503,17
0.848,0.147,17
0.711,0.47500000000000003,17
0.73,0.482,17
0.734,0.11900000000000001,17
0.71,0.41100000000000003,17
0.74,0.506,17
0.783,0.51,17
0.884,0.34400000000000003,17
0.6930000000000001,0.599,17
0.742,0.488,17
0.614,0.46,17
0.6930000000000001,0.546,16
0.736,0.434,16
0.681,0.51,16
0.766,0.341,16
0.764,0.428,16
0.704,0.437,16
0.778,0.486,16
0.798,0.539,16
0.711,0.51,16
0.7030000000000001,0.483,16
0.47500000000000003,0.34900000000000003,16
0.769,0.533,16
0.404,0.17300000000000001,16
0.632,0.095,16
0.6910000000000001,0.44,16
0.649,0.392,16
0.714,0.586,16
0.738,0.386,16
0.674,0.436,15
0.28300000000000003,0.299,15
0.661,0.507,15
0.713,0.634,15
0.735,0.466,15
0.729,0.481,15
0.733,0.48,15
0.6900000000000001,0.42,15
0.759,0.427,15
0.7030000000000001,0.543,15
0.839,0.232,15
0.737,0.47700000000000004,15
0.403,0.906,15
0.7010000000000001,0.445,15
0.657,0.498,15
0.746,0.494,15
0.797,0.62,15
0.273,0.14,15
0.805,0.418,15
0.656,0.418,15
0.65,0.499,15
0.718,0.402,14
0.735,0.5700000000000001,14
0.669,0.34900000000000003,14
0.219,0.34500000000000003,14
0.772,0.578,14
0.443,0.155,14
0.44,0.073,14
0.761,0.47400000000000003,14
0.775,0.436,14
0.801,0.515,14
0.737,0.543,14
0.366,0.188,14
0.739,0.489,14
0.733,0.483,14
0.332,0.439,14
0.78,0.519,14
0.724,0.446,14
0.731,0.484,14
0.725,0.48,14
0.736,0.466,14
0.6880000000000001,0.6990000000000001,13
0.806,0.523,13
0.481,0.488,13
0.53,0.225,13
0.799,0.536,13
0.263,0.333,13
0.744,0.505,13
0.379,0.094,13
0.778,0.51,13
0.6950000000000001,0.398,13
0.77,0.353,13
0.43,0.011,13
0.682,0.377,13
0.738,0.438,13
0.734,0.513,13
0.756,0.438,13
0.373,0.04,13
0.776,0.593,13
0.778,0.42,13
0.311,0.309,12
0.739,0.49,12
0.848,0.178,12
0.744,0.549,12
0.679,0.312,12
0.44,0.08600000000000001,12
0.798,0.617,12
0.67,0.4,12
0.758,0.491,12
0.751,0.488,12
0.221,0.34500000000000003,12
0.785,0.497,12
0.686,0.547,12
0.6990000000000001,0.622,12
0.552,0.218,12
0.463,0.16,12
0.366,0.833,12
0.744,0.675,11
0.709,0.644,11
0.47500000000000003,0.032,11
0.77,0.354,11
0.421,0.47100000000000003,11
0.677,0.525,11
0.512,0.24,11
0.761,0.457,11
0.587,0.505,11
0.718,0.492,11
0.808,0.502,11
0.8170000000000001,0.405,11
0.467,0.083,11
0.74,0.5690000000000001,11
0.7030000000000001,0.468,11
0.433,0.556,11
0.7020000000000001,0.5640000000000001,11
0.84,0.266,11
0.8250000000000001,0.47300000000000003,11
0.8170000000000001,0.404,11
0.8320000000000001,0.28600000000000003,11
0.706,0.562,11
0.8320000000000001,0.451,11
0.9440000000000001,0.225,11
0.247,0.34800000000000003,11
0.737,0.467,10
0.514,0.047,10
0.792,0.422,10
0.737,0.488,10
0.669,0.418,10
1.0050000000000001,0.28200000000000003,10
0.302,0.397,10
0.726,0.483,10
0.811,0.456,10
0.743,0.443,10
0.8270000000000001,0.544,10
0.742,0.426,10
0.743,0.518,10
0.677,0.40800000000000003,10
0.5720000000000001,0.404,10
0.723,0.428,10
0.741,0.537,10
0.759,0.373,10
0.903,0.255,10
0.23600000000000002,0.355,10
0.764,0.459,10
0.764,0.519,10
0.612,0.367,10
0.851,0.58,10
0.72,0.438,10
0.381,0.162,10
0.6890000000000001,0.43,10
0.879,0.26,9
0.741,0.483,9
0.8160000000000001,0.657,9
0.8140000000000001,0.549,9
0.733,0.454,9
0.6960000000000001,0.444,9
0.71,0.453,9
0.726,0.556,9
0.554,0.08700000000000001,9
0.8260000000000001,0.49,9
0.734,0.502,9
0.642,0.756,9
0.64,0.21,9
0.713,0.41300000000000003,9
0.789,0.481,9
0.258,0.32,9
0.734,0.34,9
0.418,0.743,9
0.8280000000000001,0.538,9
0.7030000000000001,0.526,9
0.652,0.46,9
0.746,0.531,9
0.683,0.41500000000000004,9
0.68,0.377,9
0.719,0.427,9
0.76,0.622,9
0.723,0.378,9
0.704,0.455,9
0.927,0.339,9
0.337,0.275,9
0.716,0.435,9
0.671,0.41100000000000003,9
0.65,0.336,9
0.651,0.324,8
0.875,0.389,8
0.718,0.436,8
0.904,0.47100000000000003,8
0.797,0.525,8
0.6920000000000001,0.443,8
0.882,0.258,8
0.719,0.5680000000000001,8
0.598,0.323,8
0.599,0.009000000000000001,8
0.776,0.42,8
0.749,0.422,8
0.758,0.496,8
0.77,0.47600000000000003,8
0.724,0.452,8
0.838,0.449,8
0.719,0.428,8
0.707,0.713,8
0.708,0.41000000000000003,8
0.603,0.41600000000000004,8
0.606,0.45,8
0.776,0.514,8
0.741,0.441,8
0.786,0.531,8
0.726,0.481,8
0.8200000000000001,0.542,8
0.401,0.904,8
0.362,0.124,8
0.7000000000000001,0.519,8
0.639,0.378,8
0.717,0.524,8
0.714,0.427,8
1.0010000000000001,0.334,8
0.756,0.625,8
0.717,0.436,8
0.441,0.167,7
0.758,0.368,7
0.646,0.504,7
0.733,0.556,7
0.331,0.534,7
0.672,0.34700000000000003,7
0.669,0.433,7
0.807,0.504,7
0.805,0.454,7
0.785,0.47100000000000003,7
0.718,0.465,7
0.7000000000000001,0.48,7
0.734,0.462,7
0.6950000000000001,0.446,7
0.40800000000000003,0.87,7
0.686,0.402,7
0.767,0.467,7
0.834,0.64,7
0.71,0.464,7
0.374,0.25,7
0.862,0.461,7
0.6900000000000001,0.445,7
0.554,0.741,7
0.558,0.77,7
0.6980000000000001,0.444,7
0.41000000000000003,0.465,7
0.721,0.462,7
0.7030000000000001,0.461,7
0.749,0.582,7
0.75,0.446,7
0.68,0.34900000000000003,7
0.794,0.527,7
0.72,0.383,7
0.779,0.47400000000000003,7
0.779,0.485,7
0.585,0.533,7
0.8280000000000001,0.384,7
0.932,0.359,7
0.34600000000000003,0.323,7
0.735,0.486,7
0.76,0.542,7
0.677,0.108,6
0.23,0.343,6
0.716,0.41300000000000003,6
0.738,0.496,6
0.753,0.459,6
0.711,0.453,6
0.711,0.47600000000000003,6
0.6920000000000001,0.748,6
0.795,0.498,6
0.379,0.704,6
0.731,0.487,6
0.729,0.54,6
0.739,0.486,6
0.764,0.489,6
0.765,0.428,6
0.848,0.384,6
0.746,0.514,6
0.724,0.48,6
0.652,0.41200000000000003,6
0.743,0.504,6
0.399,0.164,6
0.403,0.146,6
0.686,0.38,6
0.687,0.432,6
0.446,0.106,6
0.453,0.483,6
0.431,0.47200000000000003,6
0.74,0.512,6
0.776,0.507,6
0.636,0.325,6
0.742,0.51,6
0.732,0.53,6
0.6990000000000001,0.517,6
0.6950000000000001,0.754,6
0.6970000000000001,0.391,6
0.7030000000000001,0.393,6
0.352,0.262,6
0.71,0.47400000000000003,6
0.735,0.47900000000000004,6
0.315,0.436,6
0.75,0.449,6
0.761,0.582,6
0.655,0.13,6
0.709,0.53,6
0.719,0.492,6
0.76,0.34800000000000003,6
0.759,0.376,5
0.797,0.519,5
0.364,0.112,5
0.71,0.47700000000000004,5
0.735,0.523,5
0.91,0.489,5
0.734,0.447,5
0.729,0.453,5
0.773,0.47200000000000003,5
0.728,0.556,5
0.602,0.277,5
0.635,0.765,5
0.774,0.506,5
0.732,0.5640000000000001,5
0.733,0.417,5
0.809,0.525,5
0.8150000000000001,0.534,5
0.741,0.467,5
0.778,0.505,5
0.687,0.47000000000000003,5
0.765,0.519,5
0.726,0.49,5
0.769,0.497,5
0.591,0.549,5
0.546,0.062,5
0.733,0.525,5
0.739,0.545,5
0.554,0.166,5
0.792,0.508,5
0.6940000000000001,0.399,5
0.796,0.505,5
0.788,0.356,5
0.6920000000000001,0.399,5
0.738,0.47700000000000004,5
0.756,0.522,5
0.751,0.41600000000000004,5
0.752,0.491,5
0.717,0.40800000000000003,5
0.715,0.438,5
0.679,0.559,5
0.716,0.468,4
0.67,0.34900000000000003,4
0.747,0.448,4
0.73,0.534,4
0.799,0.531,4
0.759,0.616,4
0.709,0.524,4
0.787,0.513,4
0.654,0.11800000000000001,4
0.8170000000000001,0.496,4
0.762,0.449,4
0.891,0.246,4
0.776,0.542,4
0.74,0.487,4
0.5630000000000001,0.215,4
0.603,0.419,4
0.763,0.586,4
0.733,0.458,4
0.767,0.495,4
0.742,0.48,4
0.6910000000000001,0.466,4
0.732,0.468,4
0.629,0.425,4
0.803,0.455,4
0.758,0.461,4
0.611,0.395,4
0.706,0.399,4
0.872,0.448,4
0.736,0.47600000000000003,4
0.718,0.43,4
0.736,0.49,4
0.367,0.737,4
0.859,0.417,4
0.711,0.5690000000000001,4
0.723,0.438,3
0.734,0.47300000000000003,3
0.746,0.40900000000000003,3
0.734,0.47500000000000003,3
0.745,0.515,3
0.745,0.422,3
0.71,0.41400000000000003,3
0.734,0.527,3
0.749,0.41000000000000003,3
0.503,0.254,3
0.758,0.37,3
0.74,0.546,3
0.758,0.44,3
0.778,0.452,3
0.723,0.432,3
0.743,0.47500000000000003,3
0.7000000000000001,0.481,3
0.92,0.34900000000000003,3
0.645,0.376,3
0.639,0.323,3
0.769,0.336,3
0.665,0.11900000000000001,3
0.713,0.619,3
0.711,0.406,3
0.687,0.452,3
0.742,0.522,3
0.684,0.381,3
0.735,0.47700000000000004,3
0.743,0.44,3
0.732,0.541,3
0.674,0.435,3
0.775,0.485,3
0.678,0.521,3
0.709,0.41400000000000003,3
0.512,0.051000000000000004,3
0.79,0.514,3
0.799,0.454,3
0.736,0.525,3
0.736,0.433,3
0.6950000000000001,0.439,3
0.733,0.494,3
0.742,0.221,3
0.731,0.542,3
0.731,0.497,3
0.663,0.396,3
0.391,0.171,3
0.713,0.455,3
0.265,0.292,3
0.735,0.529,3
0.756,0.51,3
0.777,0.38,3
0.673,0.781,3
0.725,0.364,3
0.799,0.442,3
0.76,0.46900000000000003,3
0.76,0.617,3
0.733,0.481,3
0.43,0.49,3
0.734,0.528,3
0.705,0.492,3
0.654,0.501,3
0.656,0.146,3
0.738,0.493,3
0.738,0.377,3
0.539,0.241,3
0.7010000000000001,0.545,3
0.706,0.7010000000000001,2
0.429,0.616,2
0.735,0.402,2
0.672,0.405,2
0.711,0.464,2
0.886,0.255,2
0.661,0.135,2
0.668,0.487,2
0.667,0.425,2
0.719,0.455,2
0.418,0.113,2
0.68,0.386,2
0.23500000000000001,0.38,2
0.748,0.47800000000000004,2
0.6890000000000001,0.431,2
0.6890000000000001,0.356,2
0.769,0.47200000000000003,2
0.768,0.444,2
0.743,0.517,2
0.682,0.388,2
0.7030000000000001,0.399,2
0.8250000000000001,0.47700000000000004,2
0.739,0.482,2
0.738,0.521,2
0.738,0.498,2
0.737,0.493,2
0.47600000000000003,0.459,2
0.74,0.379,2
0.739,0.519,2
0.739,0.483,2
0.73,0.542,2
0.807,0.526,2
0.807,0.524,2
0.731,0.486,2
0.684,0.387,2
0.746,0.528,2
0.736,0.363,2
0.735,0.5670000000000001,2
0.709,0.436,2
0.708,0.441,2
0.787,0.539,2
0.795,0.166,2
0.6940000000000001,0.4,2
0.79,0.498,2
0.912,0.491,2
0.794,0.432,2
0.527,0.267,2
0.759,0.369,2
0.715,0.523,2
0.917,0.491,2
0.73,0.552,2
0.771,0.549,2
0.729,0.495,2
0.729,0.39,2
0.728,0.538,2
0.728,0.536,2
0.728,0.481,2
0.729,0.538,2
0.6990000000000001,0.54,2
0.804,0.448,2
0.801,0.509,2
0.765,0.5640000000000001,2
0.8310000000000001,0.451,2
0.726,0.6,2
0.726,0.551,2
0.741,0.46,2
0.997,0.324,2
0.767,0.34600000000000003,2
0.724,0.44,2
0.723,0.482,2
0.723,0.467,2
0.746,0.425,2
0.745,0.601,2
0.783,0.379,2
0.595,0.393,2
0.6880000000000001,0.44,2
0.74,0.677,2
0.74,0.494,2
0.6990000000000001,0.401,2
0.6980000000000001,0.446,2
0.731,0.543,2
0.402,0.167,2
0.75,0.598,1
0.91,0.496,1
0.876,0.5630000000000001,1
0.329,0.47000000000000003,1
0.716,0.677,1
0.895,0.45,1
0.716,0.541,1
0.715,0.558,1
0.713,0.47000000000000003,1
0.756,0.599,1
0.66,0.508,1
0.737,0.434,1
0.538,0.465,1
0.512,0.41400000000000003,1
0.762,0.088,1
0.654,0.123,1
0.757,0.595,1
0.681,0.295,1
0.683,0.434,1
0.749,0.497,1
0.749,0.543,1
0.75,0.45,1
0.758,0.594,1
0.717,0.558,1
0.733,0.47100000000000003,1
0.775,0.459,1
0.6910000000000001,0.442,1
0.742,0.425,1
0.742,0.481,1
0.742,0.496,1
0.742,0.509,1
0.743,0.515,1
0.628,0.629,1
0.728,0.535,1
0.729,0.484,1
0.729,0.536,1
0.774,0.47500000000000003,1
0.6960000000000001,0.44,1
0.6970000000000001,0.47900000000000004,1
0.734,0.516,1
0.495,0.095,1
0.508,0.431,1
0.51,0.24,1
0.7000000000000001,0.448,1
0.7000000000000001,0.533,1
0.727,0.386,1
0.766,0.609,1
0.767,0.49,1
0.743,0.496,1
0.838,0.604,1
0.724,0.423,1
0.724,0.489,1
0.7030000000000001,0.59,1
0.746,0.386,1
0.6890000000000001,0.354,1
0.603,0.456,1
0.61,0.509,1
0.779,0.439,1
0.741,0.487,1
0.731,0.555,1
0.6980000000000001,0.445,1
0.6990000000000001,0.438,1
0.454,0.328,1
0.7020000000000001,0.591,1
0.7030000000000001,0.441,1
0.739,0.497,1
0.786,0.538,1
0.733,0.524,1
0.808,0.423,1
0.73,0.468,1
0.73,0.52,1
0.73,0.537,1
0.731,0.403,1
0.741,0.506,1
0.6880000000000001,0.405,1
0.747,0.391,1
0.747,0.536,1
0.764,0.446,1
0.843,0.593,1
0.38,0.907,1
0.85,0.391,1
0.709,0.437,1
0.736,0.46,1
0.789,0.41200000000000003,1
0.79,0.434,1
0.79,0.457,1
0.6930000000000001,0.448,1
0.736,0.488,1
0.737,0.382,1
0.67,0.278,1
0.714,0.522,1
0.713,0.372,1
0.677,0.512,1
0.712,0.537,1
0.712,0.47600000000000003,1
1.071,0.158,1
0.23500000000000001,0.35100000000000003,1
0.539,0.603,1
0.534,0.254,1
0.794,0.494,1
0.734,0.529,1
0.711,0.40900000000000003,1
0.751,0.486,1
0.753,0.447,1
0.754,0.556,1
